"X.1","X","LabID","weighted_mean","long","lat","Material"
2349,2349,"BETA-326856",1647.45862626907,9.9141,61.5668,"Charcoal"
2350,2350,"BETA-326857",3558.87030725358,9.9141,61.5668,"Charcoal"
2351,2351,"BETA-326858",1461.11625340455,9.9141,61.5668,"Charcoal"
2352,2352,"BETA-326859",1778.3451825187,9.9141,61.5668,"Charcoal"
2353,2353,"BETA-326860",1647.45862626907,9.9141,61.5668,"Charcoal"
2564,2564,"Beta-322380",2030.66238917076,9.9141,61.5668,"Charcoal"
2565,2565,"Beta-322381",1472.87767324341,9.9141,61.5668,"Charcoal"
2566,2566,"Beta-322382",1698.59460403661,9.9141,61.5668,"Charcoal"
2567,2567,"Beta-322383",1607.78805367341,9.9141,61.5668,"Charcoal"
2568,2568,"Beta-322384",1607.78805367341,9.9141,61.5668,"Charcoal"
2569,2569,"Beta-322385",1438.63264823942,9.9141,61.5668,"Charcoal"
2570,2570,"Beta-322386",1504.12115087365,9.9141,61.5668,"Charcoal"
2571,2571,"Beta-322387",3590.92084170459,9.9141,61.5668,"Charcoal"
2572,2572,"Beta-322388",1632.35782568999,9.9141,61.5668,"Charcoal"
2573,2573,"Beta-322389",1671.27363562365,9.9141,61.5668,"Charcoal"
2585,2585,"Beta-365414",532.887670057786,9.895807,61.569751,"Seed"
2586,2586,"Beta-365521",1615.96733628783,9.895807,61.569751,"Charcoal"
2587,2587,"Beta-365522",1983.70385093652,9.86,61.55,"Charcoal"
2588,2588,"Beta-365523",1038.5268703537,9.86,61.55,"Charcoal"
2589,2589,"Beta-365524",1383.38412804663,9.86,61.55,"Charcoal"
2651,2651,"Beta-74645",3978.04800011163,7.147255,61.91441,"charcoal"
2652,2652,"Beta-74646",4036.25588114145,7.147255,61.91441,"charcoal"
2653,2653,"Beta-78028",4132.52785332483,7.147255,61.91441,"grain"
2993,2993,"Lus-12396",626.650619522844,9.205104,60.31874,"charcoal"
2994,2994,"Lus-12397",825.920265294487,9.205104,60.31874,"charcoal"
2995,2995,"Lus-12398",588.708734343841,9.205104,60.31874,"charcoal"
2996,2996,"Lus-12399",821.037396997678,9.205104,60.31874,"charcoal"
2997,2997,"Lus-12400",615.345064884351,9.205104,60.31874,"charcoal"
2998,2998,"Lus-12401",673.266811338036,9.205104,60.31874,"charcoal"
2999,2999,"Lus-12402",766.187287809084,9.205104,60.31874,"charcoal"
3028,3028,"Lus-12493",1612.39943388456,8.41,61.22,"charcoal"
3029,3029,"Lus-12494",7815.52822172859,8.41,61.22,"charcoal"
3030,3030,"Lus-12495",1612.39943388456,8.41,61.22,"charcoal"
3031,3031,"Lus-12496",1690.522789967,8.41,61.22,"charcoal"
3032,3032,"Lus-12497",1442.80113682669,8.41,61.22,"charcoal"
3033,3033,"Lus-12498",1461.88589422951,8.41,61.22,"charcoal"
3034,3034,"Lus-12499",1634.44554444497,8.41,61.22,"charcoal"
3035,3035,"Lus-12500",764.194794662776,8.41,61.22,"charcoal"
3036,3036,"Lus-12501",1608.46737695423,8.41,61.22,"charcoal"
3037,3037,"Lus-12502",1456.52623372472,8.41,61.22,"charcoal"
3038,3038,"Lus-12503",1461.88589422951,8.41,61.22,"charcoal"
3039,3039,"Lus-12504",1469.71207792887,8.41,61.22,"charcoal"
3040,3040,"Lus-12505",1450.32937123315,8.41,61.22,"charcoal"
3205,3205,"Lus-13255",1051.61237133364,8.04,60.59,"charcoal"
3206,3206,"Lus-13256",810.742281828223,8.04,60.59,"charcoal"
3207,3207,"Lus-13257",794.14966268115,8.04,60.59,"charcoal"
3208,3208,"Lus-13258",815.748972104541,8.04,60.59,"charcoal"
3209,3209,"Lus-13259",1115.2514629942,8.04,60.59,"charcoal"
3210,3210,"Lus-13260",853.624363910976,8.04,60.59,"macrofossil"
3356,3356,"Lus-13487",1036.4843315068,9.094062,60.567473,"charcoal"
3357,3357,"Lus-13488",1873.97346375163,9.094062,60.567473,"charcoal"
3358,3358,"Lus-13489",1022.06180359674,9.094062,60.567473,"charcoal"
3359,3359,"Lus-13490",854.237579387369,9.094062,60.567473,"charcoal"
3360,3360,"Lus-13491",850.015325581542,9.094062,60.567473,"charcoal"
3361,3361,"Lus-13492",815.711786779437,9.094062,60.567473,"charcoal"
3362,3362,"Lus-13493",845.739419887396,9.094062,60.567473,"charcoal"
3366,3366,"Lus-13506",996.558802771284,9.872806,61.127671,"Charcoal"
3367,3367,"Lus-13507",256.302805931528,9.872806,61.127671,"Charcoal"
3368,3368,"Lus-13508",862.350718591662,9.872806,61.127671,"Charcoal"
3369,3369,"Lus-13520",1438.74280926646,9.099985,62.087075,"charcoal"
3370,3370,"Lus-13521",2592.14739627503,9.099985,62.087075,"charcoal"
3372,3372,"Lus-13523",8800.98764621764,9.365432,61.478452,"Burned bone"
3373,3373,"Lus-13524",8521.08487426838,9.365432,61.478452,"Burned bone"
3374,3374,"Lus-13525",8517.04272470771,9.365432,61.478452,"Burned bone"
3375,3375,"Lus-13526",8214.68690705119,9.010917,61.347036,"Burned bone"
3376,3376,"Lus-13527",4361.06542691315,9.010917,61.347036,"Burned bone"
3377,3377,"Lus-13528",4694.99901522762,9.010917,61.347036,"Burned bone"
3378,3378,"Lus-13529",7721.68965633185,9.010917,61.347036,"Burned bone"
3379,3379,"Lus-13530",8408.22066391917,9.010917,61.347036,"Burned bone"
3380,3380,"Lus-13531",5722.13177837456,9.010917,61.347036,"Burned bone"
3381,3381,"Lus-13532",6668.24299225169,9.010917,61.347036,"Burned bone"
3382,3382,"Lus-13533",5048.2909769778,9.010917,61.347036,"Burned bone"
3383,3383,"Lus-13534",7646.84658895955,9.010917,61.347036,"Burned bone"
3384,3384,"Lus-13535",3041.60764326432,9.010917,61.347036,"charcoal"
3406,3406,"Lus-13633",4010.50626571704,9.010917,61.347036,"charcoal"
3407,3407,"Lus-13634",366.778360141493,9.026294,61.341973,"wood"
3463,3463,"Lus-14008",318.836484164776,8.04,60.59,"charcoal"
3464,3464,"Lus-14009",736.925537873424,8.04,60.59,"charcoal"
3465,3465,"Lus-14010",689.2625056897,8.04,60.59,"Burned bone"
3466,3466,"Lus-14011",579.667007948801,8.04,60.59,"charcoal"
3467,3467,"Lus-14012",611.31927622834,8.04,60.59,"charcoal"
3474,3474,"Lus-14046",595.14040586596,8.2818,60.5721,"charcoal"
3475,3475,"Lus-14047",593.279934452244,8.2818,60.5721,"charcoal"
3476,3476,"Lus-14048",677.937113267349,8.2818,60.5721,"charcoal"
3477,3477,"Lus-14049",698.333847798,8.2818,60.5721,"charcoal"
3478,3478,"Lus-14050",706.057883799837,8.2818,60.5721,"charcoal"
3479,3479,"Lus-14051",588.708734343841,8.2818,60.5721,"charcoal"
3480,3480,"Lus-14052",686.017492662636,8.2818,60.5721,"charcoal"
3481,3481,"Lus-14053",571.322020491702,8.2818,60.5721,"charcoal"
3482,3482,"Lus-14054",758.329748931531,8.2818,60.5721,"charcoal"
3483,3483,"Lus-14055",1132.47831107645,8.2818,60.5721,"charcoal"
3484,3484,"Lus-14056",708.314629150791,8.2818,60.5721,"charcoal"
3485,3485,"Lus-14057",766.187287809084,8.2818,60.5721,"charcoal"
3486,3486,"Lus-14058",710.783025981657,8.2818,60.5721,"charcoal"
3487,3487,"Lus-14059",708.506999924464,8.2818,60.5721,"charcoal"
3488,3488,"Lus-14060",748.383265982356,8.2818,60.5721,"charcoal"
3489,3489,"Lus-14061",7352.93473560693,9.465045,60.332357,"charcoal"
3490,3490,"Lus-14062",7052.06049485129,9.465045,60.332357,"charcoal"
3491,3491,"Lus-14063",9327.74063798804,9.465045,60.332357,"charcoal"
3492,3492,"Lus-14064",6635.08868305951,9.465045,60.332357,"charcoal"
3493,3493,"Lus-14065",2294.71748842734,9.508187,60.337722,"charcoal"
3494,3494,"Lus-14066",9112.67809555767,9.465045,60.332357,"charcoal"
3495,3495,"Lus-14067",6141.74075978314,9.465045,60.332357,"Charcoal"
3496,3496,"Lus-14068",1179.4555935613,9.508187,60.337722,"Charcoal"
3574,3574,"Lus-14256",638.309724954699,8.488745,60.872953,"charcoal"
3575,3575,"Lus-14257",692.383621991136,8.488745,60.872953,"charcoal"
3580,3580,"Lus-14262",1456.52623372472,8.04,60.59,"charcoal"
3581,3581,"Lus-14263",716.536741343245,8.04,60.59,"charcoal"
3616,3616,"T-10032",765.486973149807,8.916667,61.25,"Charcoal"
3617,3617,"T-10033",688.852089319423,8.916667,61.25,"Charcoal"
3618,3618,"T-10034",1350.52477379479,8.816667,60.316667,"Charcoal"
3619,3619,"T-10035",1400.92043861491,8.816667,60.316667,"Charcoal"
3634,3634,"T-10180",703.523080990961,8.233333,60.533333,"Charcoal"
3665,3665,"T-10267",1753.83154872014,8.883333,61.216667,"Charcoal"
3666,3666,"T-10268",1734.95422586203,8.883333,61.216667,"Charcoal"
3690,3690,"T-10395",6162.74716307823,8.833333,62.233333,"Charcoal"
3942,3942,"T-11630",2165.2234014123,8.966667,61.1,"Charcoal"
3943,3943,"T-11631",3137.84622047314,8.966667,61.1,"Charcoal"
4094,4094,"T-12473",553.359279549603,8.15,60.533333,"Charcoal"
4095,4095,"T-12474",560.891827679008,8.15,60.533333,"Charcoal"
4096,4096,"T-12475",539.712048275631,8.15,60.533333,"Charcoal"
4097,4097,"T-12476",636.696240529527,8.15,60.533333,"Charcoal"
4254,4254,"T-13023",1996.89797520758,8.15,60.516667,"Charcoal"
4255,4255,"T-13024",668.997570870745,8.15,60.516667,"Charcoal"
4256,4256,"T-13025",1375.81169517601,8.166667,60.533333,"Charcoal"
4257,4257,"T-13026",419.998159990236,8.133333,60.55,"Charcoal"
4258,4258,"T-13027",540.248417842074,8.133333,60.55,"Charcoal"
4259,4259,"T-13028",559.034135462995,8.133333,60.55,"Charcoal"
4260,4260,"T-13029",573.458081068557,8.133333,60.55,"Charcoal"
4261,4261,"T-13030",623.504244924226,8.133333,60.55,"Charcoal"
4276,4276,"T-13091",143.654212275733,8.3,60.616667,"Charcoal"
4286,4286,"T-13125",1018.16597129601,8.166667,60.533333,"Charcoal"
4342,4342,"T-13369",586.39753517552,9.883333,61.583333,"Charcoal"
4343,4343,"T-13370",657.868124655797,9.883333,61.583333,"Charcoal"
4344,4344,"T-13371",593.677318413724,9.883333,61.583333,"Charcoal"
4375,4375,"T-13538",838.665921332232,9.716667,61.6,"Charcoal"
4376,4376,"T-13539",482.242798288705,9.716667,61.6,"Charcoal"
4377,4377,"T-13540",628.527130057826,9.716667,61.6,"Charcoal"
4378,4378,"T-13541",659.59250632291,9.716667,61.6,"Charcoal"
4379,4379,"T-13542",900.85075303041,9.716667,61.6,"Charcoal"
4383,4383,"T-13575",1848.99578074117,9.216667,60.166667,"Charcoal"
4384,4384,"T-13576",1718.32814706999,9.216667,60.166667,"Charcoal"
4385,4385,"T-13577",1621.24087278041,9.216667,60.166667,"Charcoal"
4404,4404,"T-13700",766.721103274864,8.133333,60.516667,"Charcoal"
4405,4405,"T-13701",993.384246495718,8.133333,60.516667,"Charcoal"
4406,4406,"T-13702",831.179446990737,8.133333,60.516667,"Charcoal"
4418,4418,"T-13811",802.896758102243,9.4,60.733333,"Charcoal"
4419,4419,"T-13812",705.073249744692,9.4,60.733333,"Charcoal"
4420,4420,"T-13867",811.824756392815,9.166667,60.533333,"Charcoal"
4421,4421,"T-13879",1289.43910790678,8.166667,60.533333,"Charcoal"
4422,4422,"T-13880",1382.54923881706,8.166667,60.533333,"Charcoal"
4423,4423,"T-13881",718.919114383842,8.166667,60.533333,"Charcoal"
4428,4428,"T-14014",843.798442972651,9.166667,60.033333,"Charcoal"
4436,4436,"T-14165",1251.22846064957,9.4,61.883333,"Charcoal"
4437,4437,"T-14166",421.243958686366,9.4,61.883333,"Charcoal"
4486,4486,"T-14294",617.08927404982,8.1,60.516667,"Charcoal"
4487,4487,"T-14295",695.76185645319,8.1,60.516667,"Charcoal"
4488,4488,"T-14296",603.860849501352,9.166667,60.05,"Charcoal"
4489,4489,"T-14297",161.364487934842,9.166667,60.05,"Charcoal"
4490,4490,"T-14298",178.465205694786,9.166667,60.05,"Charcoal"
4492,4492,"T-14315",563.871204337423,8.1,60.516667,"Charcoal"
4524,4524,"T-1445",4203.86725509639,8.283333,60.083333,"Charcoal"
4532,4532,"T-14459",776.313563530038,8.516667,60.866667,"Charcoal"
4533,4533,"T-14460",776.946798556014,8.516667,60.866667,"Charcoal"
4534,4534,"T-14461",760.020573817479,8.516667,60.866667,"Charcoal"
4535,4535,"T-14462",776.739130347153,8.516667,60.866667,"Charcoal"
4536,4536,"T-14463",855.028622924447,8.516667,60.866667,"Charcoal"
4538,4538,"T-14478",845.244412914916,8.666667,60.716667,"Charcoal"
4539,4539,"T-14479",841.902544292173,8.666667,60.716667,"Charcoal"
4547,4547,"T-1450",3143.31410883831,8.283333,60.083333,"Charcoal"
4548,4548,"T-1451",585.929512292983,8.283333,60.083333,"Charcoal"
4549,4549,"T-1452",2484.40359962411,8.283333,60.083333,"Charcoal"
4576,4576,"T-15037",672.231845634849,8.733333,60.65,"Charcoal"
4578,4578,"T-15039",335.728524277458,8.366667,60.683333,"Charcoal"
4579,4579,"T-15040",379.359402391177,8.366667,60.683333,"Charcoal"
4580,4580,"T-15041",165.25809902675,8.333333,60.583333,"Charcoal"
4581,4581,"T-15042",144.217780940125,8.333333,60.583333,"Charcoal"
4661,4661,"T-15359",3213.13123354686,5.49,60.45,"Charcoal"
4662,4662,"T-15360",6016.4421649859,5.49,60.45,"Charcoal"
4663,4663,"T-15361",1121.63309298152,5.49,60.45,"Charcoal"
4696,4696,"T-15932",1618.21738231746,8.583333,61.116667,"Charcoal"
4699,4699,"T-1609",1624.57636603121,8.283333,60.083333,"Charcoal"
4700,4700,"T-1610",8894.06097405698,8.283333,60.083333,"Charcoal"
4736,4736,"T-16973",11022.6808436978,6.9,62.7833,"Betula charcoal from lower part of hearth"
4738,4738,"T-1709",1830.03527414396,8.283333,60.083333,"Charcoal"
4739,4739,"T-1710",1582.24527063681,8.283333,60.083333,"Charcoal"
4843,4843,"T-19093",2265.53907869538,8.233333,61.933333,"Charcoal"
4844,4844,"T-19094",1875.34720214506,8.233333,61.933333,"Charcoal"
4845,4845,"T-19095",138.859339353164,8.233333,61.933333,"Wood"
4846,4846,"T-19096",473.75630761973,8.233333,61.933333,"Wood"
4847,4847,"T-19097",608.835937632185,8.233333,61.933333,"Wood"
4897,4897,"T-2083",10922.7766856659,9.8406,63.2874,"charcoal"
4901,4901,"T-215",9112.97795135133,7.966667,60.833333,"Charcoal"
4944,4944,"T-256",5639.57549607636,7.966667,60.833333,"Charcoal"
4945,4945,"T-257",6401.99555703544,7.966667,60.833333,"Charcoal"
4981,4981,"T-323",8490.71446143284,7.5,60.583333,"Charcoal"
4995,4995,"T-3479",345.934140704866,9.416667,61.833333,"Wood"
4996,4996,"T-3480",131.573577650501,9.416667,61.833333,"Wood"
5004,5004,"T-3619",1994.20979453743,7.783333,60.8,"Charcoal"
5005,5005,"T-3620",7652.9403032759,7.783333,60.8,"Charcoal"
5006,5006,"T-3621",7778.94950649882,7.783333,60.8,"Charcoal"
5018,5018,"T-4036",1025.59648601289,8.533333,61.716667,"Wood"
5019,5019,"T-4037",859.780938088588,8.533333,61.716667,"Wood"
5022,5022,"T-4041",738.4121137696,9.916667,61.616667,"Birchbark"
5025,5025,"T-4144",601.340955989156,9.1,62.033333,"Charcoal"
5027,5027,"T-4243",829.668519119349,8.883333,61.133333,"Charcoal"
5028,5028,"T-4244",777.712934959648,8.883333,61.133333,"Charcoal"
5029,5029,"T-4245",2602.14704967276,8.883333,61.133333,"Charcoal"
5030,5030,"T-4246",510.527536597772,8.883333,61.133333,"Charcoal"
5031,5031,"T-4247",377.280397170076,8.883333,61.133333,"Charcoal"
5032,5032,"T-4248",847.881724073727,8.916667,61.166667,"Charcoal"
5033,5033,"T-4249",247.705661301644,8.916667,61.166667,"Charcoal"
5034,5034,"T-4250",767.902636532339,8.883333,61.133333,"Charcoal"
5035,5035,"T-4251",986.609204093702,8.883333,61.133333,"Charcoal"
5036,5036,"T-4268",1381.36051096501,8.833333,62.05,"Wood"
5039,5039,"T-4352",527.599908125532,9.75,62.166667,"Charcoal"
5041,5041,"T-4354",384.688390193182,9.75,62.083333,"Charcoal"
5050,5050,"T-4495",3980.13837160498,8.012396,61.16418,""
5051,5051,"T-4567",1035.01372916548,8.666667,61.516667,"Wood"
5076,5076,"T-4744",496.473827811566,8.883333,61.133333,"Charcoal"
5077,5077,"T-4745",425.7659508957,8.883333,61.133333,"Charcoal"
5078,5078,"T-4746",1281.2072367104,8.883333,61.133333,"Charcoal"
5079,5079,"T-4747",618.884285647771,8.883333,61.133333,"Charcoal"
5080,5080,"T-4749",1265.36778547357,8.883333,61.133333,"Charcoal"
5081,5081,"T-4750",1424.68695618628,8.883333,61.133333,"Charcoal"
5082,5082,"T-4751",2901.16932902036,8.883333,61.133333,"Charcoal"
5083,5083,"T-4752",1799.59263101704,8.883333,61.133333,"Charcoal"
5084,5084,"T-4753",1196.14211752149,8.883333,61.133333,"Charcoal"
5086,5086,"T-4779",3757.506407368,7.741926,61.15995,"charcoal"
5087,5087,"T-4780",4135.43035334545,7.742443,61.16066,""
5088,5088,"T-4781",4034.04407678175,7.742443,61.16066,""
5089,5089,"T-4788",2609.63722677934,7.69578,61.15991,""
5122,5122,"T-5174",1335.76909268947,9.55,61.81,"Wood"
5127,5127,"T-5562",2503.16659055459,7.821691,61.25847,""
5128,5128,"T-5563",2283.2719217065,7.821691,61.25847,""
5129,5129,"T-5566",2492.57564828858,7.706785,61.16662,""
5130,5130,"T-5567",2418.68061418836,7.706785,61.16662,""
5132,5132,"T-5602",2236.15622115755,7.821691,61.25847,""
5166,5166,"T-5766",626.840701980758,9.95,61.166667,"Charcoal"
5167,5167,"T-5767",800.726757689502,9.95,61.166667,"Charcoal"
5168,5168,"T-5768",613.963087871713,9.95,61.166667,"Charcoal"
5169,5169,"T-5769",735.078168940584,9.28,60.96,"Charcoal"
5170,5170,"T-5770",793.31059280765,9.28,60.96,"Charcoal"
5171,5171,"T-5771",633.262958147985,9.28,60.96,"Charcoal"
5172,5172,"T-5772",761.181375829539,9.28,60.96,"Charcoal"
5174,5174,"T-5860",2546.85830380559,7.742311,61.16223,""
5175,5175,"T-5861",2520.16789117088,7.742311,61.16223,""
5176,5176,"T-5863",2559.21249056545,7.742311,61.16223,""
5177,5177,"T-5864",2535.81993978539,7.742311,61.16223,""
5178,5178,"T-5918",604.690573836121,9.99,60.95,"Charcoal"
5179,5179,"T-5919",624.237531180964,9.99,60.95,"Charcoal"
5180,5180,"T-5920",607.541147618875,9.99,60.95,"Charcoal"
5181,5181,"T-5921",420.754630588745,9.99,60.95,"Charcoal"
5183,5183,"T-5923",894.124579965916,9.99,60.95,"Charcoal"
5184,5184,"T-6048",1218.58993381815,9.4,61.98,"bone"
5185,5185,"T-6049",1273.31376687662,9.4,61.98,"bone"
5186,5186,"T-6050",707.48555287371,9.4,61.98,"Wood"
5192,5192,"T-6062",2568.16958465558,7.742311,61.16223,""
5193,5193,"T-6064",2394.92637882396,7.742311,61.16223,""
5194,5194,"T-6065",2481.78574667826,7.742311,61.16223,""
5195,5195,"T-6066",2950.1938584787,7.75074,61.16239,""
5196,5196,"T-6067",2831.82112083595,7.75074,61.16239,""
5197,5197,"T-6068",2236.15622115755,7.748053,61.16188,""
5202,5202,"T-6100",2553.02849781354,7.744391,61.16052,""
5203,5203,"T-6105",2519.49959649185,7.742657,61.16334,""
5204,5204,"T-6106",2579.0983299028,7.742657,61.16334,""
5205,5205,"T-6212",2511.99596182402,7.744682,61.16292,""
5225,5225,"T-6463",1120.88189854132,9.4,61.98,"Charcoal"
5226,5226,"T-6464",827.839994252858,9.4,61.98,"Charcoal"
5231,5231,"T-6504",1252.21104582994,9.39,62.08,"Peat"
5232,5232,"T-6505",737.462528971072,9.39,62.08,"Peat"
5234,5234,"T-6629",2813.31598112201,7.851562,61.25012,""
5235,5235,"T-6639",2511.99596182402,7.840154,61.25455,""
5236,5236,"T-6640",2688.18037346947,7.840154,61.25455,""
5249,5249,"T-6683",327.834277240759,8.733333,60.266667,"Wood"
5273,5273,"T-685",1091.59051349583,9,62.25,"Charcoal"
5274,5274,"T-686",1072.63347189233,9,62.25,"Charcoal"
5275,5275,"T-6874",2799.94340705943,7.807714,61.25517,""
5276,5276,"T-6875",2492.57564828858,7.807714,61.25517,""
5278,5278,"T-696",4242.58127772341,7.666667,60.75,"Charcoal"
5279,5279,"T-697",1771.49800799432,7.666667,60.666667,"Charcoal"
5312,5312,"T-7156",3513.91981524724,7.851562,61.25012,""
5313,5313,"T-7157",3332.50244570676,7.851562,61.25012,""
5314,5314,"T-7163",2857.38978973888,7.828804,61.24352,""
5316,5316,"T-7221",824.76713873359,9.4,61.98,"Charcoal"
5317,5317,"T-7222",1070.60120874962,9.4,61.98,"Charcoal"
5318,5318,"T-7223",720.402962641346,9.4,61.98,"Charcoal"
5319,5319,"T-7224",727.991363847304,9.4,61.98,"Wood"
5320,5320,"T-7225",1316.10421974301,9.4,61.98,"Charcoal"
5321,5321,"T-7226",863.143545543699,9.45,62.033333,"Charcoal"
5322,5322,"T-7227",1463.78572620528,9.4,61.98,"Birchbark"
5323,5323,"T-7251",2533.93766894766,7.744391,61.16052,""
5331,5331,"T-7299",390.785811861253,9.0965,60.5678,"bone"
5335,5335,"T-7382",795.375420304775,9.3,61,"Charcoal"
5336,5336,"T-7383",700.564521613125,9.3,61,"Charcoal"
5340,5340,"T-7400",1402.53362229581,9.95,61.166667,"Charcoal"
5341,5341,"T-7401",131.504575990694,9.95,61.166667,"Charcoal"
5342,5342,"T-7402",661.112405495934,9.95,61.166667,"Charcoal"
5343,5343,"T-7403",1165.46111980028,9.95,61.166667,"Charcoal"
5344,5344,"T-7404",532.326715416385,9.95,61.166667,"Charcoal"
5347,5347,"T-7425",777.055593117811,9.3,60.65,"Wood"
5350,5350,"T-7479",269.991838079984,9.1,60.566667,"Charcoal"
5351,5351,"T-7486",629.147677444988,9.95,61.166667,"Charcoal"
5352,5352,"T-7487",339.052737980835,9.95,61.166667,"Charcoal"
5353,5353,"T-7488",720.578451744634,9.95,61.166667,"Charcoal"
5354,5354,"T-7489",560.230390645437,9.95,61.166667,"Wood"
5355,5355,"T-7491",680.326381426324,9.95,61.166667,"Charcoal"
5356,5356,"T-7492",817.741509212903,9.95,61.166667,"Charcoal"
5357,5357,"T-7494",756.321380070299,9.95,61.166667,"Charcoal"
5358,5358,"T-7495",677.000267784158,9.95,61.166667,"Charcoal"
5359,5359,"T-7496",598.472592650221,9.95,61.166667,"Charcoal"
5360,5360,"T-7497",626.840701980758,9.95,61.166667,"Charcoal"
5361,5361,"T-7498",675.002344403061,9.95,61.166667,"Charcoal"
5362,5362,"T-7499",814.689757856097,9.95,61.166667,"Charcoal"
5363,5363,"T-7500",665.059687221776,9.95,61.166667,"Charcoal"
5364,5364,"T-7501",675.145470258888,9.95,61.166667,"Charcoal"
5365,5365,"T-7502",703.359068692461,9.95,61.166667,"Charcoal"
5366,5366,"T-7503",498.808380061346,9.95,61.166667,"Charcoal"
5367,5367,"T-7504",793.31059280765,9.95,61.166667,"Charcoal"
5371,5371,"T-7685",3293.10301035274,7.917555,61.28506,"charcoal"
5372,5372,"T-7686",3923.27137979852,7.917555,61.28506,"charcoal"
5373,5373,"T-7687",1042.65325676398,9.95,61.166667,"Charcoal"
5374,5374,"T-7688",581.289451672002,9.95,61.166667,"Charcoal"
5375,5375,"T-7689",590.433175956129,9.95,61.166667,"Charcoal"
5376,5376,"T-7690",609.472466412349,9.95,61.166667,"Charcoal"
5377,5377,"T-7691",564.830973769137,9.95,61.166667,"Charcoal"
5378,5378,"T-7694",300.25377873904,9.95,61.166667,"Charcoal"
5379,5379,"T-7695",224.168677450534,9.95,61.166667,"Charcoal"
5380,5380,"T-7696",684.822262671752,9.95,61.166667,"Charcoal"
5381,5381,"T-7698",1041.05807947386,9.95,61.166667,"Charcoal"
5382,5382,"T-7699",377.01732123592,9.95,61.166667,"Charcoal"
5383,5383,"T-7700",809.058056971941,9.95,61.166667,"Charcoal"
5384,5384,"T-7703",6185.43148686071,9.95,61.166667,"Charcoal"
5385,5385,"T-7704",4446.31037911767,9.95,61.166667,"Charcoal"
5386,5386,"T-7705",5876.86169700909,9.95,61.166667,"Charcoal"
5387,5387,"T-7706",6326.6921318454,9.95,61.166667,"Charcoal"
5388,5388,"T-7707",5569.62537181415,9.95,61.166667,"Charcoal"
5389,5389,"T-7708",5573.3010914927,9.95,61.166667,"Charcoal"
5390,5390,"T-7709",5633.65128401825,9.95,61.166667,"Charcoal"
5391,5391,"T-7710",1390.16800968551,9.983333,61.116667,"Charcoal"
5392,5392,"T-7711",1651.00869114386,9.983333,61.116667,"Charcoal"
5393,5393,"T-7712",652.323936221498,9.983333,61.116667,"Charcoal"
5394,5394,"T-7713",752.660826741561,9.983333,61.15,"Charcoal"
5395,5395,"T-7714",700.464935990658,9.983333,61.166667,"Charcoal"
5396,5396,"T-7715",601.886790868041,9.983333,61.166667,"Charcoal"
5397,5397,"T-7716",610.944854599141,10,61.166667,"Charcoal"
5398,5398,"T-7717",648.605455576867,9.983333,61.15,"Charcoal"
5399,5399,"T-7718",712.046639710714,9.983333,61.166667,"Charcoal"
5400,5400,"T-7719",605.304350094376,9.983333,61.15,"Charcoal"
5401,5401,"T-7720",579.399081472955,9.983333,61.15,"Charcoal"
5402,5402,"T-7721",737.462528971072,9.983333,61.116667,"Charcoal"
5403,5403,"T-7722",613.362476356474,9.983333,61.133333,"Charcoal"
5404,5404,"T-7829",2512.6388205968,7.917555,61.28506,"charcoal"
5405,5405,"T-7830",3797.06189466747,7.917555,61.28506,"charcoal"
5406,5406,"T-7831",3842.37440490655,7.917555,61.28506,"charcoal"
5407,5407,"T-7832",3685.86288012229,7.917555,61.28506,"charcoal"
5408,5408,"T-7833",3562.32005975502,7.917555,61.28506,"charcoal"
5413,5413,"T-7906",821.505350963579,9.95,61.166667,"Charcoal"
5414,5414,"T-7907",464.488581268711,9.95,61.166667,"Birchbark"
5415,5415,"T-7908",1543.73293550158,9.95,61.166667,"Birchbark"
5416,5416,"T-7909",536.188925518096,9.95,61.166667,"Charcoal"
5417,5417,"T-7910",597.469799611013,9.95,61.166667,"Birchbark"
5418,5418,"T-7911",404.324747414529,9.95,61.166667,"Birchbark"
5419,5419,"T-7912",584.975930603747,9.95,61.166667,"Charcoal"
5420,5420,"T-7913",624.237531180964,9.95,61.166667,"Charcoal"
5421,5421,"T-7920",743.96674539286,9.95,61.166667,"Charcoal"
5422,5422,"T-7921",248.060684728442,9.95,61.166667,"Charcoal"
5423,5423,"T-7922",777.712934959648,9.95,61.166667,"Charcoal"
5424,5424,"T-7923",821.505350963579,9.95,61.166667,"Charcoal"
5425,5425,"T-7924",2453.90118953608,9.95,61.166667,"Wood"
5426,5426,"T-7925",6030.38669350929,9.95,61.166667,"Charcoal"
5427,5427,"T-7926",2435.66029830643,9.95,61.166667,"Charcoal"
5428,5428,"T-7927",7862.45074999373,9.95,61.166667,"Charcoal"
5429,5429,"T-7928",6644.56280857046,9.95,61.166667,"Charcoal"
5430,5430,"T-7929",5257.17990936366,9.95,61.166667,"Charcoal"
5431,5431,"T-7930",6292.18251008407,9.95,61.166667,"Charcoal"
5432,5432,"T-7931",6271.252107713,9.95,61.166667,"Charcoal"
5433,5433,"T-7932",6480.44699179421,9.95,61.166667,"Charcoal"
5434,5434,"T-7933",7152.65380326642,9.95,61.166667,"Charcoal"
5435,5435,"T-7934",6463.27906600331,9.95,61.166667,"Charcoal"
5436,5436,"T-7936",5691.47949125655,9.95,61.166667,"Charcoal"
5437,5437,"T-7937",1600.87183631966,9.983333,61.116667,"Charcoal"
5438,5438,"T-7938",1667.23425035039,9.983333,61.116667,"Charcoal"
5439,5439,"T-7939",1523.92632606124,9.983333,61.116667,"Charcoal"
5440,5440,"T-7940",2129.74372518738,9.983333,61.166667,"Charcoal"
5441,5441,"T-7941",1616.20982565415,9.983333,61.116667,"Charcoal"
5442,5442,"T-7942",676.887366605321,9.833333,61.133333,"Charcoal"
5443,5443,"T-7943",1390.16800968551,9.983333,61.116667,"Charcoal"
5444,5444,"T-7964",1005.1761489469,8.783419,60.438256,"Wood"
5445,5445,"T-7965",171.675586883409,9.483333,60.416667,"Charcoal"
5446,5446,"T-7966",133.245337049744,8.666667,60.8,"Charcoal"
5447,5447,"T-7967",684.822262671752,8.416667,60.866667,"Charcoal"
5448,5448,"T-7968",814.689757856097,8.583333,60.733333,"Charcoal"
5449,5449,"T-7969",554.388553111522,9.05,60.8,"Charcoal"
5450,5450,"T-7970",685.551687636348,7.85,60.7,"Charcoal"
5451,5451,"T-7971",573.774277408755,7.85,60.7,"Charcoal"
5452,5452,"T-7972",445.246122900299,7.85,60.7,"Charcoal"
5453,5453,"T-7989",170.783696119381,9.2,61.666667,"Charcoal"
5454,5454,"T-7990",1393.86878760827,9.2,61.666667,"Charcoal"
5473,5473,"T-8068",2078.80137319355,7.917555,61.28506,"charcoal"
5474,5474,"T-8093",686.964933376926,9.983333,61.166667,"Charcoal"
5475,5475,"T-8094",582.308233143957,9.983333,61.166667,"Charcoal"
5476,5476,"T-8095",866.364101569163,9.983333,61.116667,"Charcoal"
5477,5477,"T-8096",624.434847295571,9.983333,61.116667,"Wood"
5478,5478,"T-8097",1109.7539134904,9.983333,61.116667,"Charcoal"
5479,5479,"T-8112",8844.95898940686,9.95,61.166667,"Charcoal"
5480,5480,"T-8113",5068.95226622366,9.95,61.166667,"Charcoal"
5481,5481,"T-8114",5135.25784901324,9.95,61.166667,"Charcoal"
5482,5482,"T-8115",7659.98680950036,9.95,61.166667,"Charcoal"
5483,5483,"T-8116",5275.66846898513,9.95,61.166667,"Charcoal"
5484,5484,"T-8117",5563.6404523741,9.95,61.166667,"Charcoal"
5485,5485,"T-8118",8409.50990049785,9.95,61.166667,"Charcoal"
5486,5486,"T-8119",1686.55390625499,9.95,61.166667,"Charcoal"
5487,5487,"T-8154",842.087207648951,9.983333,61.166667,"Charcoal"
5488,5488,"T-8155",1652.67808117013,9.983333,61.116667,"Charcoal"
5489,5489,"T-8156",441.275093694698,9.983333,61.116667,"Charcoal"
5490,5490,"T-8157",1623.62084593829,9.933333,61.166667,"Charcoal"
5491,5491,"T-8158",1839.80564296591,9.933333,61.166667,"Charcoal"
5492,5492,"T-8208",503.584907325122,9.983333,61.116667,"Charcoal"
5493,5493,"T-8209",1099.80685284849,9.983333,61.116667,"Charcoal"
5494,5494,"T-8210",8528.92165600374,9.95,61.166667,"Charcoal"
5495,5495,"T-8218",1085.11463039614,8.37703,62.010479,"bone"
5496,5496,"T-8227",269.991838079984,8.916667,62.183333,"Charcoal"
5497,5497,"T-8228",5407.23754339951,8.916667,62.183333,"Charcoal"
5498,5498,"T-8229",170.783696119381,8.916667,62.183333,"Wood"
5505,5505,"T-8273",840.877893559881,8.966667,60.833333,"Charcoal"
5506,5506,"T-8274",765.080359979521,8.616667,60.7,"Charcoal"
5507,5507,"T-8275",765.370091441617,8.1,60.75,"Charcoal"
5508,5508,"T-8279",600.185159524815,8.1,60.75,"Charcoal"
5509,5509,"T-8280",719.863113119663,9.3,60.666667,"Charcoal"
5510,5510,"T-8281",1217.31866182079,8.75,60.766667,"Charcoal"
5511,5511,"T-8287",686.095223330706,8.2,60.65,"Charcoal"
5512,5512,"T-8288",718.645584773305,8.25,60.733333,"Charcoal"
5513,5513,"T-8289",800.974930311767,8.583333,60.766667,"Charcoal"
5514,5514,"T-8290",689.586369847101,8.583333,60.766667,"Charcoal"
5515,5515,"T-8291",808.042021819288,8.666667,60.733333,"Charcoal"
5517,5517,"T-8369",420.708070302688,9.95,61.166667,"Birchbark"
5518,5518,"T-8370",398.231691601705,9.95,61.166667,"Birchbark"
5519,5519,"T-8371",1905.7411892673,9.95,61.166667,"Birchbark"
5520,5520,"T-8372",537.800270541152,9.95,61.166667,"Charcoal"
5521,5521,"T-8373",568.468908343047,9.95,61.166667,"Birchbark"
5522,5522,"T-8374",1925.08195306153,9.95,61.166667,"Birchbark"
5523,5523,"T-8375",1713.32264640357,9.95,61.166667,"Birchbark"
5524,5524,"T-8376",390.098371368667,9.95,61.166667,"Charcoal"
5525,5525,"T-8377",595.362657658177,9.95,61.166667,"Charcoal"
5526,5526,"T-8378",1352.10893113775,9.95,61.166667,"Wood"
5527,5527,"T-8379",1522.58918782432,9.95,61.166667,"Birchbark"
5528,5528,"T-8380",160.952685837762,9.95,61.166667,"Wood"
5529,5529,"T-8381",2135.83220942418,9.95,61.166667,"Charcoal"
5530,5530,"T-8382",3793.80274792392,9.95,61.166667,"Charcoal"
5531,5531,"T-8383",397.411924910217,9.95,61.166667,"Charcoal"
5532,5532,"T-8384",387.546739497909,9.95,61.166667,"Charcoal"
5533,5533,"T-8385",815.196873269736,9.966667,61.15,"Charcoal"
5534,5534,"T-8386",1205.63799898763,9.983333,61.116667,"Charcoal"
5535,5535,"T-8387",1467.20746968884,9.983333,61.116667,"Charcoal"
5536,5536,"T-8389",932.008615152707,9.95,61.166667,"Charcoal"
5537,5537,"T-8390",721.624696058625,9.983333,61.116667,"Charcoal"
5612,5612,"T-848",1696.12075873824,7.666667,60.5,"Charcoal"
5653,5653,"T-8517",3828.89135697961,8.916667,62.183333,"Charcoal"
5657,5657,"T-8538",486.586036629257,9.216667,60.6,"Charcoal"
5658,5658,"T-8539",839.941261596376,8.666667,60.666667,"Charcoal"
5659,5659,"T-8540",487.413808231857,8.45,60.65,"Charcoal"
5660,5660,"T-8541",841.275986040279,8.583333,60.75,"Charcoal"
5661,5661,"T-8542",1088.1799935712,8.6,60.766667,"Charcoal"
5662,5662,"T-8543",922.852953319219,8.666667,60.666667,"Charcoal"
5664,5664,"T-8630",732.977694895608,9.95,61.166667,"Birchbark"
5677,5677,"T-8667",1072.15313446661,9.95,61.166667,"Charcoal"
5750,5750,"T-9189",321.084043143209,9.25,61.916667,"Charcoal"
5757,5757,"T-9197",1517.70948577469,9.2,61.666667,"Charcoal"
5758,5758,"T-9198",569.575368953923,9.2,61.666667,"Charcoal"
5759,5759,"T-9199",442.277840357451,9.2,61.666667,"Charcoal"
5793,5793,"T-9245",806.419461078291,8.333333,60.3,"Charcoal"
5794,5794,"T-9246",445.0761314305,8.8,60.316667,"Charcoal"
5814,5814,"T-9474",215.675765876493,8.41,61.22,"Charcoal"
5815,5815,"T-9475",1539.59214340434,8.41,61.22,"Charcoal"
5816,5816,"T-9476",4469.16389796404,8.41,61.22,"Charcoal"
5817,5817,"T-9477",1229.27563812101,8.41,61.22,"Charcoal"
5818,5818,"T-9478",1233.57543808893,8.41,61.22,"Charcoal"
5844,5844,"T-9574",2186.80229354218,9.333333,61.65,"Charcoal"
5847,5847,"T-9599",635.779624202708,8.916667,61.8,"Birchbark"
5848,5848,"T-9600",739.013536152804,8.916667,61.8,"Charcoal"
5849,5849,"T-9601",727.669073084691,8.916667,61.8,"Charcoal"
5868,5868,"T-971",384.803258441824,9.75,61.833333,"Wood"
5879,5879,"T-972",2320.88074369688,9.75,61.833333,"Charcoal + sand"
5904,5904,"T-9795",780.178159319165,8.533333,60.683333,"Charcoal"
5905,5905,"T-9796",749.733177937804,8.233333,60.533333,"Charcoal"
6273,6273,"TRa-2729",639.405773993536,7.7,60.716667,"Charcoal"
6274,6274,"TRa-2730",740.521087044323,7.7,60.716667,"Charcoal"
6275,6275,"TRa-2731",678.929466344789,7.7,60.716667,"Charcoal"
6276,6276,"TRa-2732",1016.13850196904,7.7,60.716667,"Charcoal"
6277,6277,"TRa-2733",610.072978837946,7.9,60.633333,"Charcoal"
6278,6278,"TRa-2734",962.114975962219,7.9,60.633333,"Charcoal"
6279,6279,"TRa-2735",703.032171662673,7.9,60.633333,"Charcoal"
6280,6280,"TRa-2736",656.889753769017,8.166667,60.733333,"Charcoal"
6366,6366,"TRa-4089",1251.24874406147,9.86,61.55,"Charcoal"
6367,6367,"TRa-4090",886.38952509915,9.86,61.55,"Charcoal"
6368,6368,"TRa-4091",797.238534787361,9.86,61.55,"Charcoal"
6369,6369,"TRa-4092",606.801586055172,9.86,61.55,"Charcoal"
6370,6370,"TRa-4093",995.623928406559,9.86,61.55,"Charcoal"
6371,6371,"TRa-4094",697.626882891693,9.86,61.55,"Charcoal"
6372,6372,"TRa-4095",1774.45866893054,9.86,61.55,"Charcoal"
6373,6373,"TRa-4096",521.445209044201,9.86,61.55,"Charcoal"
6374,6374,"TRa-4097",554.87148457016,9.86,61.55,"Charcoal"
6375,6375,"TRa-4098",165.10091194196,9.86,61.55,"Charcoal"
6376,6376,"TRa-4099",690.52025340425,9.86,61.55,"Charcoal"
6377,6377,"TRa-4100",603.660885503228,9.86,61.55,"Charcoal"
6389,6389,"TRa-966",1321.37603957715,8.833333,61.133333,"Charcoal"
6390,6390,"TRa-967",1227.22053764896,8.833333,61.133333,"Charcoal"
6391,6391,"TRa-968",1308.05226334434,8.833333,61.133333,"Charcoal"
6392,6392,"TRa-969",1611.69477102329,8.833333,61.133333,"Charcoal"
6393,6393,"TRa-970",864.004261311107,8.833333,61.133333,"Charcoal"
6394,6394,"TRa-971",1277.51736709173,8.833333,61.133333,"Charcoal"
6395,6395,"TRa-972",1105.27104689224,8.833333,61.133333,"Charcoal"
6396,6396,"TRa-973",996.414708215427,8.833333,61.133333,"Charcoal"
6397,6397,"TRa-974",1401.08407941374,8.833333,61.133333,"Charcoal"
6442,6442,"TUa-1360",628.705753548162,8.816667,61.683333,"Bark"
6454,6454,"TUa-1470",596.364681855042,8.4,61.166667,"Wood"
6456,6456,"TUa-1472",764.830828397261,9.15,60.033333,"Wood"
6498,6498,"TUa-1684",581.904326634826,8.75,60.266667,"Wood"
6499,6499,"TUa-1685",793.096552494831,8.916667,61.133333,"Wood"
6520,6520,"TUa-1942",475.164801552203,9,60.166667,"Wood"
6521,6521,"TUa-1943",576.523931963608,9.266667,60.016667,"Wood"
6549,6549,"TUa-2243",2839.18383235979,9.1,60.483333,"Charcoal"
6576,6576,"TUa-2441",2238.4124095479,5.49,60.45,"Charcoal"
6644,6644,"TUa-3116",3833.15303775164,5.49,60.45,"Charcoal"
6645,6645,"TUa-3117",3912.70147952658,5.49,60.45,"Charcoal"
6722,6722,"TUa-3693",606.337134932755,8.583333,61.116667,"bone"
6793,6793,"TUa-4201",1475.67223358548,7.88,61.94,"Wood"
6842,6842,"TUa-461",4558.1891901737,8.833333,62.233333,"Birch bark tar/pitch"
6989,6989,"TUa-6739",1112.80930095572,8.233333,61.933333,"Charcoal"
6991,6991,"TUa-6740",1196.872012614,8.233333,61.933333,"Nutshell"
6992,6992,"TUa-6741",1066.35156962443,8.233333,61.933333,"Charcoal"
6993,6993,"TUa-6742",1258.48093246078,8.233333,61.933333,"Charcoal"
6994,6994,"TUa-6743",7347.87642696333,8.783333,62.183333,"bone"
6995,6995,"TUa-6744",2582.08025976833,8.783333,62.183333,"Food crust"
6996,6996,"TUa-6745",4903.28622550254,8.783333,62.183333,"Charcoal"
6997,6997,"TUa-6746",5180.00820925096,8.783333,62.183333,"Charcoal"
6998,6998,"TUa-6747",7791.44272734804,8.783333,62.183333,"Charcoal"
7020,7020,"TUa-702",6723.76203571815,8.833333,62.233333,"Birch bark tar/pitch"
7054,7054,"TUa-8283",184.965149350036,9.1,60.55,"Charcoal"
7698,7698,"Ua-44686",1681.52439294256,9.86,61.55,"Charcoal"
7699,7699,"Ua-44687",587.395664860895,9.86,61.55,"Charcoal"
7700,7700,"Ua-44688",420.808301211653,9.86,61.55,"Charcoal"
7701,7701,"Ua-44689",1571.40491818983,9.86,61.55,"Charcoal"
7702,7702,"Ua-44690",135.968596838952,9.86,61.55,"Charcoal"
7703,7703,"Ua-45133",1507.95336859093,9.9141,61.5668,"Charcoal"
7704,7704,"Ua-45134",1597.0622810127,9.9141,61.5668,"Charcoal"
7705,7705,"Ua-45135",1563.16115604334,9.9141,61.5668,"Charcoal"
7779,7779,"Ua-45802",4574.42301422248,9.895807,61.569751,"Charcoal"
7780,7780,"Ua-45803",1597.91335216967,9.895807,61.569751,"Charcoal"
7781,7781,"Ua-45804",1668.67764887802,9.895807,61.569751,"Charcoal"
7782,7782,"Ua-45805",2589.97245075784,9.895807,61.569751,"Cone"
7783,7783,"Ua-45806",1607.78805367341,9.895807,61.569751,"Charcoal"
7784,7784,"Ua-45807",1813.40789181093,9.895807,61.569751,"Charcoal"
7785,7785,"Ua-45808",1600.42531010302,9.895807,61.569751,"Charcoal"
7786,7786,"Ua-45809",6359.50233199673,9.895807,61.569751,"Charcoal"
7787,7787,"Ua-45810",2848.61899960911,9.895807,61.569751,"Charcoal"
7788,7788,"Ua-45811",2106.43002787175,9.895807,61.569751,"Charcoal"
7789,7789,"Ua-45812",729.553337814343,9.895807,61.569751,"Charcoal"
7790,7790,"Ua-45813",3411.32221403457,9.895807,61.569751,"Charcoal"
7791,7791,"Ua-45814",746.142422568504,9.895807,61.569751,"Charcoal"
7792,7792,"Ua-45815",854.581944715061,9.895807,61.569751,"Charcoal"
7793,7793,"Ua-45816",1942.42955025139,9.86,61.55,"Charcoal"
7794,7794,"Ua-45817",2462.4608915946,9.86,61.55,"Charcoal"
7795,7795,"Ua-45818",2238.0337647441,9.86,61.55,"Charcoal"
7796,7796,"Ua-45819",1613.49987959193,9.86,61.55,"Charcoal"
7797,7797,"Ua-45820",2560.67548264682,9.86,61.55,"Charcoal"
7804,7804,"Ua-45843",1703.75080033081,9.9141,61.5668,"Charcoal"
7805,7805,"Ua-45844",1491.28713882653,9.9141,61.5668,"Charcoal"
7806,7806,"Ua-45845",2386.69534418676,9.9141,61.5668,"Charcoal"
7807,7807,"Ua-45846",2883.79387323004,9.9141,61.5668,"Charcoal"
7808,7808,"Ua-45847",1464.6979169613,9.9141,61.5668,"Charcoal"
7809,7809,"Ua-45848",2507.78506966732,9.9141,61.5668,"Charcoal"
7810,7810,"Ua-45849",1640.11946563233,9.9141,61.5668,"Charcoal"
7811,7811,"Ua-45850",1585.99373824586,9.9141,61.5668,"Charcoal"
7812,7812,"Ua-45851",1500.92491206794,9.9141,61.5668,"Charcoal"
7813,7813,"Ua-45852",1921.33291854516,9.9141,61.5668,"Charcoal"
7814,7814,"Ua-45853",1417.53349346537,9.9141,61.5668,"Charcoal"
7815,7815,"Ua-45854",1451.42761475881,9.9141,61.5668,"Charcoal"
7816,7816,"Ua-45855",1493.18093551767,9.9141,61.5668,"Charcoal"
7817,7817,"Ua-45856",1485.2628923317,9.9141,61.5668,"Charcoal"
7818,7818,"Ua-45857",1569.67326245849,9.9141,61.5668,"Charcoal"
7819,7819,"Ua-45858",2090.73169910706,9.9141,61.5668,"Charcoal"
7820,7820,"Ua-45859",1588.08146883278,9.9141,61.5668,"Charcoal"
7821,7821,"Ua-45860",1470.31736653045,9.9141,61.5668,"Charcoal"
7822,7822,"Ua-45861",2131.55584177144,9.9141,61.5668,"Charcoal"
7823,7823,"Ua-45862",3930.6297928341,9.9141,61.5668,"Charcoal"
7824,7824,"Ua-45863",2623.12800471549,9.9141,61.5668,"Charcoal"
7825,7825,"Ua-45864",1648.78982526816,9.9141,61.5668,"Charcoal"
7826,7826,"Ua-45865",1612.28857711357,9.9141,61.5668,"Charcoal"
7827,7827,"Ua-45866",3425.62194648467,9.9141,61.5668,"Charcoal"
7828,7828,"Ua-45867",1459.97361734516,9.9141,61.5668,"Charcoal"
7829,7829,"Ua-45868",1271.69374197496,9.9141,61.5668,"Charcoal"
7830,7830,"Ua-45869",1658.2007177922,9.9141,61.5668,"Charcoal"
7831,7831,"Ua-45870",2418.35740502235,9.9141,61.5668,"Charcoal"
7832,7832,"Ua-45871",1684.63868626411,9.9141,61.5668,"Charcoal"
7833,7833,"Ua-45872",1531.8194636946,9.9141,61.5668,"Charcoal"
7834,7834,"Ua-45873",1670.24927009579,9.9141,61.5668,"Charcoal"
7835,7835,"Ua-45874",1562.00447291528,9.9141,61.5668,"Charcoal"
7836,7836,"Ua-45875",2788.40026449977,9.9141,61.5668,"Charcoal"
7837,7837,"Ua-45876",1799.5129564228,9.9141,61.5668,"Charcoal"
7838,7838,"Ua-45877",1576.70946550359,9.9141,61.5668,"Charcoal"
7839,7839,"Ua-45878",1921.99061535773,9.9141,61.5668,"Charcoal"
7840,7840,"Ua-45879",1795.62938380797,9.9141,61.5668,"Charcoal"
7841,7841,"Ua-45880",2576.13918283365,9.9141,61.5668,"Charcoal"
7842,7842,"Ua-45881",1677.91895436251,9.9141,61.5668,"Charcoal"
7843,7843,"Ua-45882",1934.18630909827,9.9141,61.5668,"Charcoal"
7844,7844,"Ua-45883",1645.39435043207,9.9141,61.5668,"Charcoal"
7845,7845,"Ua-45884",1611.37148653037,9.9141,61.5668,"Charcoal"
7846,7846,"Ua-45885",1871.0840236443,9.9141,61.5668,"Charcoal"
7847,7847,"Ua-45886",1573.81896276514,9.9141,61.5668,"Charcoal"
7848,7848,"Ua-45887",1570.60317892875,9.9141,61.5668,"Charcoal"
7849,7849,"Ua-45888",1808.21455271059,9.9141,61.5668,"Charcoal"
7850,7850,"Ua-45890",1616.79346422541,9.9141,61.5668,"Charcoal"
7851,7851,"Ua-45891",4084.58207735163,9.9141,61.5668,"Charcoal"
7852,7852,"Ua-45892",1629.94483886897,9.9141,61.5668,"Charcoal"
7853,7853,"Ua-45893",1764.95742606479,9.9141,61.5668,"Charcoal"
7854,7854,"Ua-45894",1652.40851212202,9.9141,61.5668,"Charcoal"
7855,7855,"Ua-45895",1666.41330650542,9.9141,61.5668,"Charcoal"
7856,7856,"Ua-45896",1504.12115087365,9.9141,61.5668,"Charcoal"
7857,7857,"Ua-45897",1606.97419294997,9.9141,61.5668,"Charcoal"
7858,7858,"Ua-45898",2235.05719628775,9.9141,61.5668,"Charcoal"
7859,7859,"Ua-45899",1703.75080033081,9.9141,61.5668,"Charcoal"
7860,7860,"Ua-45900",2444.80806015568,9.9141,61.5668,"Charcoal"
7861,7861,"Ua-45901",1709.35451585498,9.9141,61.5668,"Charcoal"
7862,7862,"Ua-45902",1839.24311872804,9.9141,61.5668,"Charcoal"
7884,7884,"Ua-46096",1572.62560794359,9.895807,61.569751,"Charcoal"
7885,7885,"Ua-46097",1589.91000279341,9.895807,61.569751,"Charcoal"
7886,7886,"Ua-46098",1597.0622810127,9.895807,61.569751,"Charcoal"
7887,7887,"Ua-46099",1583.82650533293,9.895807,61.569751,"Charcoal"
7888,7888,"Ua-46100",2097.37586075452,9.895807,61.569751,"Charcoal"
7889,7889,"Ua-46101",1910.2038826131,9.895807,61.569751,"Charcoal"
7890,7890,"Ua-46102",1679.3116408314,9.895807,61.569751,"Charcoal"
7891,7891,"Ua-46103",1748.9927927587,9.895807,61.569751,"Charcoal"
7892,7892,"Ua-46104",1491.28713882653,9.895807,61.569751,"Charcoal"
7893,7893,"Ua-46105",2044.41550642982,9.895807,61.569751,"Charcoal"
7894,7894,"Ua-46106",1735.52415680778,9.895807,61.569751,"Charcoal"
7895,7895,"Ua-46107",1645.30220771788,9.895807,61.569751,"Cereal"
7896,7896,"Ua-46108",2240.1448085882,9.895807,61.569751,"Charcoal"
7897,7897,"Ua-46109",4730.61099108547,9.895807,61.569751,"Charcoal"
7898,7898,"Ua-46110",1768.72347880871,9.895807,61.569751,"Charcoal"
7899,7899,"Ua-46111",1473.88969483744,9.895807,61.569751,"Charcoal"
7900,7900,"Ua-46112",3309.20695237299,9.895807,61.569751,"Charcoal"
7901,7901,"Ua-46113",1461.11625340455,9.895807,61.569751,"Charcoal"
7902,7902,"Ua-46114",1470.22281099947,9.895807,61.569751,"Charcoal"
7903,7903,"Ua-46115",1776.80648103836,9.895807,61.569751,"Charcoal"
7904,7904,"Ua-46116",1474.42856889532,9.895807,61.569751,"Charcoal"
7905,7905,"Ua-46117",5305.12766121111,9.895807,61.569751,"Charcoal"
7906,7906,"Ua-46118",905.189598815278,9.895807,61.569751,"Charcoal"
7907,7907,"Ua-46119",599.490940015183,9.86,61.55,"Charcoal"
7976,7976,"Ua-46496",1520.64762458046,9.58,61.61,"Charcoal"
7977,7977,"Ua-46497",128.956354620202,9.58,61.61,"Charcoal"
7978,7978,"Ua-46498",1324.5289760825,9.58,61.61,"Charcoal"
7979,7979,"Ua-46499",184.555087786313,9.58,61.61,"Charcoal"
7980,7980,"Ua-46500",821.25936163816,9.58,61.61,"Charcoal"
7981,7981,"Ua-46501",1503.21014511357,9.58,61.61,"Charcoal"
7982,7982,"Ua-46519",2058.83208607993,9.895807,61.569751,"Charcoal"
7983,7983,"Ua-46520",1614.43204899826,9.895807,61.569751,"Charcoal"
7984,7984,"Ua-46521",2098.10277995009,9.895807,61.569751,"Charcoal"
7985,7985,"Ua-46522",4900.79877833859,9.895807,61.569751,"Charcoal"
7986,7986,"Ua-46523",388.355922769831,9.895807,61.569751,"Charcoal"
7987,7987,"Ua-46524",3167.71574717483,9.895807,61.569751,"Charcoal"
7988,7988,"Ua-46525",1737.14923323355,9.895807,61.569751,"Charcoal"
7989,7989,"Ua-46526",1643.8420446216,9.895807,61.569751,"Charcoal"
7990,7990,"Ua-46527",1525.3097331914,9.895807,61.569751,"Charcoal"
7991,7991,"Ua-46528",1681.76567025349,9.895807,61.569751,"Charcoal"
7992,7992,"Ua-46529",1611.37148653037,9.895807,61.569751,"Charcoal"
7993,7993,"Ua-46530",1273.3121684607,9.895807,61.569751,"Charcoal"
7994,7994,"Ua-46531",1470.5586628376,9.895807,61.569751,"Charcoal"
7995,7995,"Ua-46532",1514.63058298961,9.895807,61.569751,"Charcoal"
7996,7996,"Ua-46533",3751.37351855048,9.895807,61.569751,"Charcoal"
7997,7997,"Ua-46534",1482.73202263669,9.895807,61.569751,"Cereal"
7998,7998,"Ua-46535",1449.13811929397,9.895807,61.569751,"Cereal"
7999,7999,"Ua-46536",1598.7584389088,9.895807,61.569751,"Charcoal"
8000,8000,"Ua-46537",1392.2722614212,9.895807,61.569751,"Cereal"
8007,8007,"Ua-46647",205.291115142694,9.9141,61.5668,"Charcoal"
8008,8008,"Ua-46648",1502.29495248181,9.9141,61.5668,"Charcoal"
